"Ste-Hélène du Haut St-Lambert","45.52248","-73.51341"
"Le Solano","45.51225","-73.549547"
"Le Valencia","45.625453","-73.597006"
"333 Sherbrooke","45.516488","-73.567694"
"Villas-sur-Rive","45.520481","-73.781136"
"Saint-Bruno-sur-le-Lac","45.535618","-73.336766"
"Le Saint-Exupéry","45.514532","-73.709696"
"Les Mansardes","45.508395","-73.715612"
"Domaine des Outardes","45.51822","-73.7034"
"Terrasses des Équinoxes","45.515723","-73.714984"
"Le Domaine Duvernay-Est","45.641174","-73.621552"
"Les Terrasses St-Urbain","45.51087","-73.569323"
"Les Cours Cosmopolis","45.565868","-73.744003"
"Parc des Seigneurs","45.560506","-73.756105"
"Le Martingal","45.570001","-73.722348"
"Les Condos de l'héritage","45.72194","-73.508079"
"Havre du Ruisseau","45.646663","-73.820071"
"Les Cours Anne-Le Seigneur","45.440938","-73.288968"
"Le Village de la Gare","45.583961","-73.186361"
"Projet Woodland","45.434694","-73.88712"
"Faubourg du Ruisseau","45.655117","-73.552915"
"Le Bergerac III","45.573284","-73.778856"
"Le 1200 Ouest","45.499895","-73.575582"
"Les jardins Bourgeoys","45.480458","-73.552587"
"Place Jeanne d'Arc","45.550587","-73.545125"
"Cartierville IV","45.525769","-73.712616"
"Condos Vue","45.496113","-73.651336"
"Espace MV","45.445932","-73.72757"
"Les Cours Pominville","45.447936","-73.65192"
"Platopolis","45.53772","-73.569992"
"Faubourg Contrecoeur","45.613052","-73.536648"
"Parc St-Victor","45.609026","-73.516061"
"240 Bates loft","45.515334","-73.629005"
"Domaine des Brises phase II","45.514203","-73.829959"
"Rive Centre","45.674731","-73.537793"
"Quartier 54 phase 3","45.532365","-73.596843"
"Quartier St-Laurent","45.530857","-73.607917"
"Domaine Leduc","45.504329","-73.727578"
"Héritage sur Bois-Franc","45.50208","-73.725322"
"Place de la Gare Bois-Franc","45.523107","-73.704679"
"Terrasses Bois-Franc","45.511166","-73.718702"
"Tours Deguire phase II","45.52989","-73.680727"
"Le Salto","45.581525","-73.586197"
"Place Gordon","45.460458","-73.574297"
"Wilson Lofts","45.503487","-73.563652"
"Place Santeuil","45.629976","-73.756846"
"L'Orée des Bois","45.571372","-73.842189"
"Domaine Islemère","45.524429","-73.838587"
"Les Châteaux de la Rive","45.518367","-73.806319"
"Projet de la Gare","45.624217","-73.769091"
"Boisé de la Volière","45.599213","-73.777434"
"Projet des Rossignols","45.590281","-73.769647"
"Projet de la Renaissance","45.590281","-73.769647"
"Projets Ste-Rose","45.62238","-73.772015"
"Boisé du Village","45.815102","-73.96934"
"La Seigneurie","45.791457","-74.044284"
"Les Rives Du Versant","45.806025","-74.045287"
"Domaine du Ruisseau Jasmin","45.668981","-73.883399"
"Domaine la Pineraie","45.696303","-73.909013"
"Quartier Signature","45.652059","-74.339802"
"Domaine des Châteaux de Brisach","45.674501","-73.799603"
"Les Promenades du Boisé Mirabel","45.74166","-74.049021"
"Les Bories","45.946806","-74.172457"
"Place de la Rochelle","45.776115","-74.059758"
"Mont Loup-Garou","45.955691091026715","-74.197938159657"
"Domaine 4 Saisons","45.532628","-73.936386"
"Domaine de la Prucheraie","45.532628","-73.936386"
"Domaine de la Prucheraie","45.532628","-73.936386"
"Le Parcours du Golf","45.532472","-73.936741"
"Les Villas Dumoulin","45.532628","-73.936386"
"Projet Mirabel","45.649841","-74.095886"
"Le Jardin des Clématites","45.579592","-73.901155"
"Boisé de la Salette","45.795684","-74.050056"
"Domaine Champ Fleury","45.532472","-73.936741"
"L'Orée de Saint-Joseph-du-Lac","45.524804","-73.966521"
"Domaine Côte Saint-Gabriel","45.887029","-74.212029"
"Domaine du Centenaire","45.589753","-73.208461"
"Condos Fort St-Louis","45.632297","-73.439323"
"Les Jardins du Parc Haendel","45.382302","-73.518852"
"Les Jardins Anne-le-Seigneur","45.433585","-73.31588"
"Les Cours du Grand Boisé","45.401262","-73.476751"
"Domaine Vert","45.277845","-73.274864"
"Villas sur Golf","45.551928","-73.445224"
"Les Condos Champagne","45.529726","-73.547067"
"Profil-O","45.494363","-73.544996"
"Le 1965 Centre","45.48212","-73.563393"
"Cité Nature","45.572605","-73.557617"
"Le Village de l'Île-bizzard","45.494889","-73.890756"
"Condos Val-des-Ruisseaux","45.566392","-73.675025"
"Condos le Haut Corbusier","45.59673","-73.762049"
"Le St-Philippe Phase 2","45.474489","-73.582696"
"Hillside Condominiums","45.486365","-73.58825"
"Condos Rêve","45.497202","-73.650221"
"Le Domaine Duvernay-Est","45.662373","-73.58704"
"Les cours Mitchell","45.507956","-73.672753"
"Les Tours du Château","45.414716","-74.015577"
"Le Quartier-Station","45.396452","-74.046471"
"Le Félix Vaudreuil-Dorion","45.404434","-74.04453"
"Lofts Des Arts","45.51071","-73.566769"
"Place Rive Boisée","45.497354","-73.852308"
"Symphonia","45.461523","-73.546376"
"Carré de la montagne","45.493125","-73.560189"
"Le Papineau-St-Grégoire","45.537869","-73.584898"
"Le Sofia","45.516599","-73.554347"
"Le Séville sur Barclay","45.511933","-73.62714"
"Carré René-Philippe","45.497176","-73.495376"
"Condos Ward","45.497264","-73.680291"
"Village Monkland NDG","45.472605","-73.625971"
"Place Royale","45.541229","-73.773224"
"Royal St-Martin","45.543365","-73.776203"
"Les Jardins Vimont","45.614796","-73.729956"
"Le Quartier Montmartre","45.781208","-73.979863"
"Les Clos Prévostois","45.842623","-74.057898"
"Château Maplewood","45.517781","-73.597533"
"Condos HIP","45.544577","-73.46197"
"Whitlock West","45.453439","-74.164881"
"Le Sieur Du Lhut","45.519107","-73.577509"
"Le 23e","45.532131","-73.611677"
"Le Onze de la Gare","45.403037","-74.047737"
"Le William","45.488877","-73.565516"
"Oasis Boréale","45.670639","-73.870384"
"Le Boisé Côte Saint-Louis","45.67986","-73.822742"
"Le Triomphe","45.500517","-73.575376"
"Ambiances Plein Sud","45.559144","-73.444441"
"Projet Bois des Caryers","45.440499","-73.615279"
"Quintessence","45.56965","-73.775885"
"Les Jardins Millen","45.553121","-73.654883"
"Les Cours du Roi","45.313383","-73.743623"
"Domaine du Ruisseau de Saint-Bruno","45.518695","-73.31728"
"Liv Condominiums","45.514725","-73.511023"
"Le Flambeau","45.765224","-73.419695"
"Domaine du ruisseau","45.515928","-73.327926"
"Le Boisé Pécaudy","45.853904","-73.229498"
"Bassins du Havre","45.490478","-73.56088"
"Rosa Nova","45.597066","-73.820204"
"Selby","45.482852","-73.584774"
"Les Portes de Londres","45.432382","-73.445214"
"Le Griffix","45.493497","-73.557609"
"Le Laurier Condominiums","45.559745","-73.20856"
"ONYX","45.496432","-73.61711"
"Le Courant ","45.526328","-73.549192"
"U31","45.543615","-73.561589"
"Mezz St-Dom","45.541871","-73.638787"
"Le 2245","45.552983","-73.543791"
"Les Sommets des Bois Franc","45.509195","-73.697538"
"Quinze Nord Condominium Urbain","45.630448","-73.853753"
"Cité Dix30","45.440712","-73.441741"
"Le Havre Du Richelieu","45.303465","-73.250744"
"Quartier Chambéry Condos","45.674677","-73.812662"
"Les Belvédères","45.670521","-73.871506"
"Viva condos - SUMUM ","45.56558131454653","-73.74543129096494"
"Domaine Bienville","45.655073","-73.748959"
"Quartier 440","45.57201","-73.762059"
"RYTHME Condos","45.506414","-73.568507"
"CUBE Condos","45.473594","-73.609943"
"Le Peterson","45.507321","-73.57088"
"Le Nordelec","45.484144","-73.56234"
"Le St-Vincent","45.603264","-73.646993"
"Marquise VI","45.563618","-73.764774"
"Domaine des 4 Collines","46.056725","-74.134189"
"Le Canal ","45.486628","-73.56673"
"La Machinerie","45.481008","-73.583249"
"Le De Montigny","45.516815","-73.559718"
"Walter sur Atwater","45.477991","-73.574592"
"Roche Condominiums","45.537199","-73.597677"
"Nouveau Chomedey","45.562731","-73.766091"
"Place du Havre","45.392813","-71.875535"
"Villas du Borée","45.51112","-73.717359"
"Gallery","45.490694","-73.558633"
"MYST","45.481643","-73.569259"
"Le Metropol","45.512755","-73.558307"
"L'Avenue","45.495725","-73.570663"
"Oro Résidences","45.498324","-73.58"
"Le Victoire","45.500509","-73.561006"
"Roccabella","45.499213","-73.578005"
"Le Liguori","45.546286","-73.63695"
"Vam 2","45.55634","-73.540241"
"Vibe Condominiums","45.490768","-73.579817"
"L7 Condo","45.469557","-73.567668"
"Thoma ","45.552541","-73.552486"
"Bôme","45.470244","-73.587141"
"GLO 2","45.516130","-73.554603"
"Rosemont sur le Parc","45.545435","-73.612046"
"Alcôve sur le Woonerf","45.470416","-73.587196"
"Les Habitations du Canal","45.467395","-73.592285"
"V-Station","45.57541","-73.655187"
"Drummond II","45.498574","-73.572271"
"Uni-T ","45.557264","-73.544926"
"Bö","45.559307","-73.537988"
"Le Mil-N","45.52704","-73.593533"
"Le LDV 4","45.566526","-73.599693"
"Domaine des Berges","45.516951","-73.779729"
"District Atwater","45.478563","-73.579684"
"Lowney sur ville","45.494701","-73.558860"
"21e arrondissement","45.498366","-73.557741"
"Aquasole","45.492809","-73.854016"
"Le Cartierville V","45.526289","-73.712506"
"Le St-Michel","45.558753","-73.597562"
"Habitat Veridis","45.626568","-73.739752"
"Maisons de Ville Challenger Ouest","45.510713","-73.729156"
"Les Maisons du Nouveau Saint-Laurent","45.498564","-73.749757"
"Les Faubourgs du Majestueux","45.85","-73.233333"
"Condos Résidence Le Laurier","46.805318","-71.216437"
"Les Terrasses Vimont","45.612443","-73.733897"
"Bleu Rive","45.829115","-73.41553"
"Le Victoria","45.510090","-73.500132"
"Parc des Érables","45.624677","-73.771114"
"Domaine de l'Héritage","45.66128","-73.864155"
"Les Condos du Plateau de la Gare","45.670138","-73.874896"
"Place Masséna","45.612634","-73.838373"
"Boisé Notre-Dame","45.547065","-73.736409"
"Altitude 3045","45.546185","-73.735844"
"Place des Nations","45.513198","-73.711214"
"Villas du Mistral","45.513598","-73.714654"
"Axiom 19","45.566962","-73.5988"
"Alinéa","45.585178","-73.6312"
"Le MN2","45.61709","-73.615068"
"La Fabrique 125","45.54114","-73.652763"
"Pointe Est","45.69332","-73.491823"
"Ventura","45.464396","-73.835531"
"Le Monaco","45.509366","-73.697402"
"3280 Cavendish","45.462993","-73.627968"
"Sfère II","45.556179","-73.650793"
"Condos Azur","45.531482","-73.562661"
"Domaine Vert Nord","45.668540","-73.940449"
"Condos la Seigneurie Bellerose","45.627471","-73.753968"
"Le Logix","45.564267","-73.714299"
"Falaise sur Mer","50.218646","-66.382479"
"Condos Val-des-Ruisseaux","45.648587","-73.616803"
"Les Villas des Clos Prévostois","45.843247","-74.058701"
"Condos des Clos Prévostois","45.843247","-74.058701"
"L'Orée du Parc","45.803592","-73.99263"
"Triplex-Condo à Mirabel","45.706315","-74.077152"
"Royal Chomedey ","45.571131","-73.770694"
"Sanctuaire du Cheval Blanc","45.520705","-73.82667"
"Boisé de la Source","45.563803","-73.842084"
"Nouveau Champfleury","45.610225","-73.780103"
"Élite","45.574767","-73.771558"
"Le Lobby","45.571131","-73.770694"
"SE7T","45.488242","-73.568035"
"La Cour 333","45.516488","-73.567694"
"Innova Condos","45.565708","-73.646057"
"Le 215 Redfern","45.486552","-73.587487"
"Le Grand R","46.269816","-74.176772"
"Condo Altura ","46.767749","-71.288616"
"Imagium Condos","46.892939","-71.29851"
"Le Distinction","46.862052","-71.347016"
"Le Vert Mezzanine","46.852163","-71.282906"
"Le 1248","45.511073","-73.561559"
"Domaine du Parc par REA","45.714096","-73.50077"
"Esprit condo","45.615509","-73.679226"
"Atala","45.538019","-73.609441"
"Quartier Greenwich","45.457874","-73.821686"
"Square Equinox 1","45.457874","-73.821686"
"Penny Lane","45.501694","-73.559958"
"Lancashire","45.503413","-73.558598"
"Art-de-vivre","45.520213","-73.562946"
"Cité Radio Condos Verdun","45.461478","-73.567135"
"Bleu Marée","45.498878","-73.853639"
"Destination Le B","45.313783","-72.636898"
"Espaces Haus","45.388466","-72.686712"
"Faubourg Cousineau","45.489743","-73.399506"
"Cité du Parc","45.488261","-73.398557"
"Le Boisé des Chanterelles","45.366364","-71.974439"
"L'Orée des Bois","45.374216","-71.887186"
"Le Domaine de la Gare","45.633943","-73.766783"
"Oasis du Domaine Vert","45.663384","-73.93202"
"Les Havres de St-Bruno","45.512134","-73.331835"
"Condos Crescent","45.496644","-73.574624"
"Condos Mont-Joli","45.583037","-73.628916"
"Kubik","45.504032","-73.663604"
"Via Sauvagia","45.96432","-74.146493"
"Loft Angus","45.547925","-73.558867"
"Le Marquis Concept","48.098582","-77.774536"
"EQ8","45.448416","-73.608701"
"Chalets-Forêt Massif","47.310723","-70.639304"
"Maisons-Fleuve Massif","47.30774299999999","-70.56810899999999"
"Lima Lofts","45.481239","-73.582805"
"Les Terrasses Cap-à-l'Aigle","47.676736","-70.073569"
"Faubourg Londonien","45.427786","-73.457869"
"Les Allées de Bellevue","46.790195","-71.259803"
"Europa","46.811885","-71.216172"
"Lunique","46.785716","-71.259813"
"Le Monastère de l'Étoile","46.800326","-71.226983"
"Le Quartier 40","47.037588","-71.385438"
"Domaine Rivière des Roches","46.879051","-71.263769"
"M sur la Montagne","45.494887","-73.590699"
"Quartier Marie-Victorin","45.393924","-71.978698"
"Domaine Charlevoix","47.441253","-70.48421"
"Tour des Canadiens 2","45.496786","-73.566556"
"Ciel & Terre","45.415641","-71.859065"
"Terrasse de la Bretonne","45.684193","-73.896722"
"Place Delmar","45.467486","-73.801584"
"Habitations Roussillon","45.375654","-73.605784"
"Condos Saint-Bruno","45.522235","-73.360646"
"L'Élément Terre","45.41213","-71.860348"
"Lofts Chevrier","45.465416","-73.431647"
"Le Carré Bloomsbury","45.384781","-73.596748"
"Altitude condos","45.502752","-73.569018"
"Domaine du Vieux-Port","45.475752","-75.74054"
"Cité sur le Parc","45.493553","-73.406733"
"Le Quartier Gareau","45.49845","-73.440592"
"Condos du Plateau","45.444847","-75.785733"
"Altoria","45.49958","-73.563537"
"Zero 1","45.508908","-73.561647"
"Domaine des Ruisseaux","45.429705","-73.13324"
"Les Cours de la Gare","45.512963","-73.442836"
"Le Resther","45.528513","-73.588093"
"District 03","46.815988","-71.224572"
"Le Louis-Hébert","45.551551","-73.599245"
"Apero condos","45.431198","-73.616360"
"Le Masson sur la 9e","45.549203","-73.571372"
"Promenades du Golf 2","45.418248","-73.486422"
"Les Havres du Boisé","45.533031","-73.438856"
"Quartier Vauquelin 2","45.524002","-73.432795"
"Condos Rabastalière","45.525975","-73.343714"
"Le Saint-Elzéar","45.570593","-73.771379"
"Les Terrasses Laurier","45.549241","-73.70719"
"Le 29","45.568026","-73.581192"
"S sur rive","45.588714","-73.651506"
"Carré Poutrincourt","45.53756","-73.700119"
"Villeray Condominiums","45.548298","-73.617581"
"Le Wolf","45.518358","-73.557672"
"Ste-Émilie","45.478318","-73.579342"
"Le Millenia","45.512039","-73.440067"
"Eau Habitat Riverain","45.56534","-73.877863"
"Cité Cosmo","45.566898","-73.745158"
"La Seigneurie des Éboulements","47.470948","-70.382253"
"Boisé Parc Falaise","46.763292","-71.269925"
"Place Alfred-Boivin","48.392767","-71.052211"
"Solaro Condominiums","45.656149","-74.338413"
"Mobilis Cartier","45.527151","-73.561853"
"Ferme Hendrick","45.502516","-75.804749"
"175 Metcalfe","45.481661","-73.59174"
"Watson's square","45.368063","-71.871126"
"Espace MV3","45.437445","-73.730251"
"Au Tournant de la gare","45.377295","-73.602404"
"Quartier du Ménestrel","45.376112","-71.887421"
"Condos Lumière","45.570166","-73.772977"
"Rouge Condominiums","45.497496","-73.649606"
"YUL Condominiums","45.495424","-73.573414"
"Le 2605 Rue Bercy","45.537499","-73.55928"
"Le 9705 Rue Chambord","45.557539","-73.650279"
"San Lorenzo","45.534306","-73.617288"
"235 St-Vallier E","46.81169","-71.226441"
"Conservatoire","45.500462","-73.514466"
"ABITA","45.578756","-73.923156"
"Condos Odax","45.714446","-73.498466"
"Domaine du Parc par Développement Précision","45.715459","-73.49872"
"Domaine du Parc de Terrebonne","45.714096","-73.50077"
"Domaine du Parc par Le Groupe Platinum","45.663696","-73.857383"
"Domaine du Parc par Groupe Ulisse","45.715883","-73.502076"
"Domaine du Parc par les Habitations Bellagio","45.715883","-73.502076"
"Domaine du Parc ","45.738134","-73.623147"
"La Cité des Pionniers","45.723666","-73.505462"
"Le Sieur de La Chesnaye","45.72537","-73.506455"
"Le Colibri","45.438907","-73.669336"
"Le Daly Lachine","45.437962","-73.681261"
"Les Jardins de l'Acadie","45.533495","-73.672013"
"La Croisée des Golfs","45.535019","-73.857538"
"Projet Petite Côte","45.592758","-73.76338"
"Bank","45.503996","-73.558363"
"DAXX condos","45.556321","-73.541418"
"Le Bates","45.516549","-73.627547"
"Point Vert","45.53791","-73.604197"
"Candiac sur le Golf","45.384989","-73.481746"
"Jardins Rive Gauche","46.816362","-71.242119"
"Opus 6","45.448609","-73.60611"
"Le Marconi","45.532464","-73.621864"
"Domaine Mont-Laval","45.533086","-73.824339"
"Les condominiums X15","45.693409","-73.917451"
"Condo Héritage P4","45.45613","-73.904092"
"Mobilis Touchette","45.527151","-73.561853"
"Quartier Victoria","45.499552","-73.505558"
"Xpress condo sur gare","45.635007","-73.835433"
"Le Vog","45.534726","-73.704026"
"La Seigneurie du Lac Long","45.745712","-73.603826"
"Cité Le Duc",,
"U-lofts","45.534037","-73.618881"
"Le Montebello","45.483266","-73.616122"
"H1 Harmonie Urbaine","45.465514","-73.80933"
"La Cité Verte","46.796668","-71.250217"
"Station 7","45.766997","-73.996006"
"Le Silhouette","45.511469","-73.549937"
"Domaine du Mont-Jasper","46.26932","-74.230326"
"Icône","45.497631","-73.574468"
"Le club de Cantons","45.299736","-72.657577"
"Le Cercle des Cantons ","45.301627","-72.654581"
"N2","45.48561","-73.562692"
"Le 6640 Christophe-Colomb","45.538677","-73.603648"
"Le Wellington","45.481042","-73.558488"
"De la Congrégation","45.481295","-73.557187"
"Les Feuilles","45.538909","-73.569074"
"VÜ","45.398051","-71.919637"
"Château Beaurivage","45.628175","-73.620715"
"Meva Lofts","45.535788","-73.620279"
"Sol Condominiums","45.536004","-73.554535"
"XACT condo","45.491583","-73.581204"
"La Catherine Condominiums","45.491373","-73.582119"
"PS-O","45.480577","-73.558585"
"Le Pavillon Robin","45.519262","-73.56096"
"Le Monroe","45.650956","-73.806113"
"Quartier A","45.447759","-73.612635"
"Le St-Laurent","45.45665","-73.493864"
"Domaine du Parc par Construction Voyer","45.714705","-73.498614"
"Mile X","45.528796","-73.593221"
"Mi'X","45.533045","-73.62023"
"XO Oxford","45.469772","-73.611321"
"Les Manoirs de l'Ile Claude","45.398617","-73.96397"
"Le Rockland Outremont","45.517089","-73.618111"
"Quartier M","45.5375","-73.557196"
"Le Verdi","45.498851","-73.574687"
"W Griffintown","45.488751","-73.563162"
"Square Jean-Béraud","45.562731","-73.766091"
"Le Milieu","45.52505","-73.596919"
"Les Verrières du Golf","45.514713","-73.709117"
"Ambiance","45.461523","-73.546376"
"L'Avantage","45.449409","-73.445465"
"Elogia","45.570297","-73.550930"
"Complexe Gouin-Langelier","45.62589","-73.623"
"Domaine des Forges I","45.612162","-73.789997"
"Habitats Lafayette","45.52058","-73.518769"
"Les Jardins Intérieurs","45.484272","-73.485256"
"Les Résidences Tournesol","45.54472","-73.700905"
"Résidence du Verger","45.797364","-74.005616"
"Résidence Memphré Magog","45.280246","-72.153947"
"Manoir Outremont","45.518476","-73.621235"
"Manoir Lousiane","45.548094","-73.554962"
"Les Jardins Vaudreuil","45.388104","-74.023304"
"Manoir Les Générations","48.450793","-68.515571"
"Manoir Brossard","45.455418","-73.494811"
"Manoir Plaza","45.518388","-73.566828"
"Manoir Boucherville","45.602224","-73.443762"
"Manoir Sherbrooke","45.42068","-71.86612"
"Manoir St-Laurent","45.531809","-73.673343"
"Sunrise de Fontainebleau","45.65518","-73.802008"
"Sunrise of Beaconsfield","45.428564","-73.88139"
"Manoir Mont St-Hilaire","45.570043","-73.178585"
"Manoir Granby","45.394128","-72.709153"
"Manoir du Musée","45.403867","-71.894491"
"Le Cherbourg 2","45.448677","-73.494497"
"Le Cherbourg 1","45.451222","-73.494625"
"Sax Vieux-Montréal/ REPORTÉ","45.498722","-73.552831"
"Sax Ville de Mont-Royal","45.507645","-73.661912"
"Le Graham","45.514843","-73.646057"
"Le Sélection Laval","45.564856","-73.753953"
"Vicourt","45.497547","-73.645543"
"Villa Mont-Royal","45.516549","-73.627547"
"Upper West Side ","45.478698","-73.840288"
"Condos EAUVIE","45.54115","-73.716567"
"LUXXCITÉ","45.679653","-73.924474"
"Cité 7","45.645242","-73.878937"
"mà condos","45.498981","-73.651817"
"St-Dominique","45.512682","-73.568491"
"M9-4","45.496694","-73.555516"
"Le Beaumont NDG","45.479092","-73.626144"
"Avenue 32","45.4423","-73.693059"
"Castelnau phase IV","45.536194","-73.622238"
"Le Savignon","45.436524","-73.690092"
"Les Condos du Parc Rosemont","45.642946","-73.504128"
"Les Terrasses 7250","45.541372","-73.614699"
"Le Boisé de Carignan","45.385796","-73.486921"
"Moderno","45.46083","-73.348091"
"DMI Le Riviera ","45.51096537484607","-73.3200654175364"
"Place St-Roch","45.367377","-73.572746"
"Faubourg Racine","45.274392","-72.962168"
"Projet Harmonie","45.597712","-73.415737"
"Les Bourgs de la Capitale","45.591243","-73.218652"
"Le Laurier Condominiums","45.559745","-73.20856"
"Les Jardins d'Isaie","45.46499","-73.344434"
"Le parc des Patriotes","45.433868","-73.315245"
"Les Jardins du Seminaire","45.318163","-73.264249"
"Sanctuaire aux Mille Roches","45.277192","-73.252963"
"Ste-Brigide","45.355378","-73.054781"
"Les Cours Louis XV","45.379659","-73.491973"
"Candiac sur le golf","45.384306","-73.484198"
"Les sentiers Boisés","45.848906","-73.229773"
"Quartier des Vignobles","45.52065","-73.432817"
"Le Quartier Picardie","45.688734","-73.428762"
"Domaine les Bourgs de la Capitale","45.587959","-73.210966"
"Condos Ange Aimé Lebrun","45.591046","-73.213974"
"Condo Fort St-Louis","45.631038","-73.441387"
"Quartier de la Promenade","45.508958","-73.336318"
"Urbania 2","45.556977","-73.724323"
"Cité H2O","45.722044","-74.081574"
"La Perla","45.583263","-73.580754"
"L'Avenue 25","45.566298","-73.583961"
"Le Crawford","45.528862","-73.613162"
"Le Richardson","45.482295","-73.564549"
"Le St Patrick","45.462526","-73.598302"
"Iberville 99","45.54478","-73.585719"
"Les Berges Ste-Marie","45.706873","-73.925952"
"Square 335","45.746612","-73.826430"
"Express Urbain ","45.70946","-73.924832"
"Châteaux Riverains","45.565554","-73.876621"
"Deux-Montagnes","45.529598","-73.918744"
"Condo Monk","45.458672","-73.596076"
"Le Brock","45.474262","-73.843227"
"Quartier Chambéry - Marquis","45.675076","-73.811935"
"Les Jardins Champagne","45.539122","-73.797764"
"Riva","45.467481","-73.548556"
"Ogilvy Warehouse","45.4944","-73.57272"
"Projet 2050","45.548592","-73.779748"
"Le Sainte Émilie","45.478318","-73.579342"
"Terrasse le Caron","45.462101","-73.593334"
"Beaurivage 2 ","45.59302","-73.521107"
"Le Faubourg Ste-Marthe","45.532125","-73.950215"
"La Strada","45.491741","-73.855325"
"Centrocité","45.530868","-73.933396"
"Condos du Ruisseau","45.52718","-73.951091"
"Champ de Ville","45.52718","-73.951091"
"Seigneurie de Mirabel","45.672069","-73.938243"
"Manoir de la Gare","46.040179","-74.286368"
"Quatuo","45.571627","-73.904924"
"Projet Albatros","45.560186","-73.953502"
"Le Grand Pré","45.532125","-73.950215"
"Place du Marché","45.52718","-73.951091"
"Highlands LaSalle","45.431043","-73.657533"
"YOO","45.493531","-73.559801"
"Place Cabral","45.459277","-73.430501"
"Symbiocité","45.392341","-73.468928"
"Faubourg Saint-Philippe","45.353993","-73.477395"
"Terrasse Laverdure","45.552134","-73.670172"
"Le Sinai","46.020108","-74.284728"
"Projet l'Épiphanie","45.834913","-73.516407"
"Le Conrad","45.448003","-73.608765"
"Place Olivia","45.86067","-73.760238"
"Du Boisé","45.86067","-73.760238"
"Des Tilleuls","45.60563","-73.645569"
"Boisé de Mirabel","45.741243","-74.056592"
"Les Sentiers du Maréchal","45.666127","-73.886655"
"Le 4222 Parthenais","45.534539","-73.567019"
"Promenade Rivard","45.834913","-73.608765"
"Les Quatre","45.672732","-73.878871"
"Jardins du Ruisseau","45.826973","-73.884933"
"Bannantyne","45.455997","-73.576338"
"Domaine des arches","45.51289","-73.815198"
"Place Carignan","45.845897","-73.483674"
"Domaine du ruisseau noir","45.758557","-73.695389"
"Les Rives de la Seigneurie","45.785317","-73.43687"
"Projet Quartier des Éclusiers","45.311978","-73.954696"
"Projet Val des Parcs","45.612257","-73.691158"
"La Place des Artistes","45.782515","-73.983556"
"Condos Cielo","45.489425","-73.857159"
"Carré Soho","45.606525","-73.516696"
"Le Rose-Phillips 2","45.537424","-73.589777"
"Val des Parcs","45.61267","-73.691984"
"Accès Bordeaux","45.555239","-73.61815"
"Bourgs de la Capitale","45.588244","-73.215546"
"St-Dominique","45.513831","-73.57094"
"Brickfields","45.491813","-73.558317"
"S sur le Square","45.490379","-73.583298"
"Spark","45.526526","-73.54878"
"Quartier 17","45.53493","-73.595168"
"Le Rolland","45.473238","-73.589795"
"Le Bossuet","45.536844","-73.606004"
"Origine","46.821800","-71.238325"
"Carré St-Thomas","45.508577","-73.491519"
"Tod Condo","45.516715","-73.717207"
"WR 2","45.516670","-73.717261"
"Urbano","45.395444","-71.920062"
"O Cartier","45.558554","-73.678233"
"Fraternité-sur-lac ","46.206594","-74.473798"
"Aquablu","45.520527","-73.781097"
"La Géode","45.527770","-73.575858"
"La Casa Verde","45.531509","-73.612245"
"Le White Velvet","45.522958","-73.548452"
"Le Treehouse","45.477552","-73.580217"
"Projet Adhoc","45.460915","-73.575296"
"323 Victoria","45.502921","-73.515672"
"Havre des Legendes","46.213202","-74.585368"
"MUSE","45.500724","-73.576450"
"Vesta","45.537471","-73.560669"
"Chalet Lac Walfred","46.037373","-74.037897"
"Carter sur le Parc","45.533118","-73.624024"
"Douze05 MacKay","45.495524","-73.575428"
"B-Loft","45.522481","-73.560110"
"Le Sno","45.540772","-73.588409"
"ELM Condos","45.499700","-73.510744"
"Evolo 2","45.472996","-73.539061"
"Evolo S","45.472996","-73.539061"
"Habitat Veridis","45.626849","-73.739660"
"Paton1","45.522528","-73.750398"
"Le Quartz","45.455941","-73.904412"
"Haus Condominiums","45.680782","-73.793331"
"Domaine sur le Golf","48.377931","-71.088471"
"Rue Gabriel","48.399071","-71.134447"
"Rue du Lis-Blanc Phase 7","48.459289","-71.111538"
"Rue Lis Blanc","48.457317","-71.114724"
"3575 CHEMIN ST-LOUIS","46.753581","-71.314822"
"3356 rue Saint-Dominique","48.371942","-71.282612"
"Orizon Condominiums - Phase 3","45.515527","-73.629533"
"Les Développements des Rives","46.286605","-73.617142"
"le Quartier Trinité 2","45.528475","-73.301893"
"Urbanova - Atmosphéra/Calex","45.685234","-73.746740"
"Urbanova - Les Terrasses Urbanova","45.684760","-73.731776"
"Urbanova - Gestion Clé d'Or","45.683758","-73.732880"
"Urbanova - Cloutier et fils","45.684798","-73.731872"
"Urbanova - Les Entreprises Daunais","45.687782","-73.734410"
"Urbanova - Les Constructions De Royan","45.686459","-73.728762"
"Urbanova - Construction Louis-XVI","45.682979","-73.732893"
"Urbanova - Habitations Nord-Est","45.687834","-73.734394"
"Urbanova - Condos Ubiques","45.684525","-73.735556"
"Urbanova - Rheault Construction","45.682173","-73.733310"
"Urbanova - Yanick Villeneuve - Hab. BME","45.694369","-73.741125"
"Le Boisé Maricourt II","45.476212","-73.409572"
"Urbanova - Constructions Martin Cousineau ","45.683728","-73.732848"
"L'Artisan","45.543260","-73.618129"
"Boisé de Carigan","45.460841","-73.348059"
"Habitat de la forêt","45.543625","-73.465140"
"SAX - Ville Mont-Royal - Phase IV","45.504281","-73.661667"
"Le Quartier Branché","45.463776","-73.345413"
"Les Habitations Champsfleury","45.610032","-73.780049"
"Vue Condominiums","46.894024","-71.132801"
"Projet Jean-Michel","45.500056","-73.691537"
"Projet Beauport","45.500056","-73.691537"
"Le District St-Apollinaire","46.621283","-71.498944"
"Le Zenith","46.771978","-71.315934"
"Les Jardins du Golf","45.314803","-72.165576"
"Le Nautiqua","45.336863","-72.513847"
"Faubourg Saint-Pierre","45.304739","-73.260661"
"Condos Beaubien Garnier","45.541358","-73.598202"
"Humania","46.741180","-71.392290"
"Le Lac de l'Île","45.367172","-73.260594"
"Le M Lorraine","45.641979","-73.836294"
"L'espace","45.646594","-73.839085"
"Chabö","45.553541","-73.615889"
"Les Cours Augustin Cantin","45.482097","-73.567141"
"Espace Plateau","45.534857","-73.577659"
"Quartier Urbain","45.715099","-73.499896"
"Cité de la gare","45.727456","-73.602223"
"Lofts Gatineau","45.496422","-73.620316"
"Laurent Fleury","45.548262","-73.664662"
"Residence Steger","45.506195","-73.701300"
"Laval sur le Lac","45.53443","-73.8783"
"Triviom","45.723518","-73.483443"
"Le 5030","45.605451","-73.635779"
"Arbora","45.491996","-73.561813"
"Parc sur Rivière","45.317651","-72.645463"
"POD ","45.515601","-73.570894"
"Fullum","45.531665","-73.558027"
"Le Citadin","45.583169","-73.584507"
"Station Sud","45.537348","-73.515260"
"Domaine des Ambassadeurs","45.684621","-73.747448"
"Le 909-917 Saint-Jacques","45.306417","-73.289695"
"La Pointe sur le Fleuve","45.652243","-73.488380"
"L'Hexagone","45.492378","-73.557589"
"B & C","45.511133","-73.562552"
"Les Tours Axial","45.573201","-73.767439"
"Rubic","45.517180","-73.555383"
"Agora 24","45.442175","-73.664607"
"1420 Mont-Royal ","45.511701","-73.606693"
"Bass","45.490414","-73.563021"
"Faubourg Lacordaire ","45.600726","-73.614503"
"Woodfield-Sillery","46.783343","-71.242976"
"20 de Maisonneuve Ouest ",,
"Rue de la Montagne ","45.498693","-73.576492"
"Concept PolygHome","46.268130","-74.216461"
"Le M Blainville ","45.670318","-73.874864"
"Les Feuilles ","45.539112","-73.569084"
"Vue","45.496419","-73.651762"
"Quartier St-Denis","45.528666","-73.593193"
"Le Botanik II","45.552585","-73.554224"
"Vida LaSalle","45.430733","-73.609809       "
"X-Star Phase 2","45.538452","-73.552142"
"ArtHaus","45.426285","-75.687979"
" Urbanova - Espace D","45.687782","-73.734410"
"Otto Condo","45.563367","-73.588336"
"46e Parallèle","45.531644","-73.519478"
"Condo Boisé du Lac","45.488197","-73.410892"
"Quartier Horizon","46.724629","-71.212530"
"Les Condos du Parc","46.778075","-71.174417"
"Faubourg Sainte-Hélène","46.681422","-71.214834"
"Castelnau Phase III","45.535943","-73.621911"
"Quartier Rivard","45.529239","-73.592776"
"Octave","45.520535","-73.554309"
"Ateliers Héritage","45.534859","-73.621469"
"Le Nuovo","45.534334","-73.619034       "
"O Quai du Nord","45.614474","-73.820954"
"Le Quatre Temps","46.937591","-71.308142"
"Laurent & Clark","45.510398","-73.566988"
"Square William","45.498581","-73.557602"
"TOM condos","45.502476","-73.567944"
"Le M Montréal-Est","45.630492","-73.497046"
"Le M Lorraine","45.641979","-73.784625"
"Condos Montcalm","45.517578","-73.554311"
"Les Villas de la Cité de Mirabel","45.671375","-73.922505"
"Henri Condominiums","45.476535","-73.588429"
"Le Cinq","45.528465","-73.589038       "
"Cité Plateau","45.534302","-73.577401       "
"Noca Condominiums","45.489283","-73.561636"
"MDV3 Dupin + Després","45.681755","-73.734840"
"Condos locatifs Pointe-Nord","45.472949","-73.538880"
"MIO","45.532861","-73.617305"
"Terrasse Verte","45.509445","-73.697325"
"Ray Condos","45.549570","-73.616216"
"Woodland",,
"Angus Avenue du Mont-Royal","45.543890","-73.569078"
"Le Neuf Cents","45.516467","-73.557987"
"3430 Masson","45.552445","-73.572260"
"Humaniti Penthouses","45.503866","-73.561768"
"YUL 2 Condominiums","45.495343","-73.572950"
"Urbanova - Groupe 4M","45.682218","-73.732550"
"Urbanova-Groupe-Mathieu","45.685895","-73.735362"
"Condos Lespérance","45.538528","-73.553102"
"Condo Curatteau","45.586790","-73.511619"
"Shev Condos","45.431419","-73.623650"
"Urbanova - Groupe 4M","45.682205","-73.732510"
"Urbanova - Groupe Mathieu","45.685895","-73.735362"
"Westbury Condos Montréal","45.499429","-73.648129"
"Lékinox Condos","45.519541","-73.711790"
"Square Kenneth Patrick","45.517293","-73.710100"
"Équinoxe Saint-Elzéar","45.569498","-73.777582       "
"Union sur le Parc ","45.489184","-73.579144"
"Le Roc Condos","45.534673","-73.592588"
"Bel Air Tremblant ","46.203721","-74.671420"
"333DuCanal","45.429586","-73.669065"
"Le Sainte-Hélène","45.540067","-73.630143"
"Inverness","45.474482","-73.610963"
"Le Jardinier","45.538883","-73.542010"
"Elää","45.472173","-73.571429"
"Le Quarry","45.543804","-73.612152"
"Projet HoMAge","45.548692","-73.545902"
"Le Louis-Joseph","45.532737","-73.574118"
"Zenith","45.516296","-73.560817"
"Kubik Pointe Claire","45.451103","-73.783480"
"St-Charles","45.480007","-73.568263"
"Domaine Le Gendre","46.767675","-71.288726"
"Le Godin","45.499091","-73.466952"
"Voltige","45.533531","-73.664784"
"MaryRobert","45.493468","-73.556888"
"VillaNova","45.435267","-73.664003"
"Parc 76","45.552214","-73.553974"
"WeLiTa","45.530465","-73.612113"
"Williamsburg","45.516981","-73.590523"
"Quai de la Gare","45.636946","-73.834028"
"Condos Héritage P5","45.454953","-73.905649"
"Myriade","45.510316","-73.565265"
"BlüVille","45.516747","-73.771903"
"Symphonia VIU","45.449136","-73.560351"
"6900 Outremont","45.525395","-73.622099"
"Le Cadillac","45.572934","-73.534564"
"Luxeo","45.392171","-73.938717"
"Pür Urbain Candiac","45.394573","-73.512841"
"Mirabel Urbain","45.673009","-73.927425"
"Le Quatrième","45.445108","-73.724675"
"1420 boulevard Mont-Royal","45.511551","-73.606728"
"Sax sur le fleuve condos","45.511078","-73.548813"
"Stanbrooke Appartements","45.500828","-73.576322"
"Récif sur la Saint-Maurice","46.638616","-72.679415"
"Nua Condo","45.474090","-73.577668"
"Villa Latella Condominiums","45.564419","-73.754874"
"3600 Notre Dame Appartements","45.479808","-73.580522"
"Station 54","45.670324","-73.874970"
"Faubourg du Moulin","46.868878"," -71.219279"
"Horizon Terrebonne  Phase 1","45.712086","-73.652667"
"Les Cours de la Gare Longueuil","45.513201 ","-73.442864"
"Le Meridiem Beloeil","45.589718 ","-73.218433"
"LUM Pur Fleuve","45.450768 ","-73.494383"
"Place Lajeunesse","45.551498 ","-73.654360"
"Le LDV 5","45.566820"," -73.600701"
"Quartier 22 maisons","45.489646","-73.857846"
"Les Tours Saint-Martin"," ",
"Plateau Blainville","45.657911 ","-73.856342"
"Appartements Le Parc","45.501033"," -73.579594"
"Habitations Tendance Chambly","45.434532 ","-73.324356"
"Habitations Tendance Contrecoeur","45.861797 ","-73.224664"
"Campari Locatif","46.771374 ","-71.293931"
"LOGGIA","45.504460"," -73.494900"
"Apara","45.704062 ","-74.089985"
"Terrasse Cent 4","45.406476 ","-73.467936"
"Le St.Moritz","46.79715465098393","-71.23815470458284"
"Adamus","45.437046 ","-73.844452"
"TAK Village Condos","45.545049","-73.569520"
"Cité Le Duc","45.774724 ","-74.017435"
"Vision 62 Condos","45.481451","-73.583638"
"Sky Blü Condos","45.677405","-73.927827"
"Eve-Lo","45.532096 ","-73.61364"
"C2P","45.541855"," -73.615121"
"Le St-Denis maisons de ville","45.499543 ","-73.515716"
"Vù Bord de l'Eau","45.661759  ","-73.58130"
"Gare du Canal Condominiums","45.438118 ","-73.663328"
"Les Cours Masson","45.537535 ","-73.584430"
"L'Ardoise 4","45.545741","-73.587904"
"Alizé","45.519660 ","-73.711798"
"Le Chatham","45.523603","-73.472146"
"Genest - Marinacci Courtiers Immobiliers","45.498114","-73.580109"
"MYX condos","45.473915","-73.538302"
"Première condos urbains","45.545659","-73.578114"
"Aqua Tremblant","46.125894","-74.591302"
"Marie Robert Griffintown","45.493607","-73.556781"
"Le Saint-Alexandre","45.527060","-73.478628"
"tour des canadiens 3","45.496293","-73.570546"
"test","909","9090"
"test23",,
"Le San Leon","45.629055"," -73.854306"
"Le Modena","45.632231 ","-73.600148"
"31X15 de Rouen","45.549841 ","-73.546379"
"Équinoxe Marc Chagall","45.480405","- 73.663386"
"fiche template",,
"Crown Condominiums","45.539939","-73.666115 "
"Domo Appartements","45.498566 ","-73.555196"
"Tour de La Rive Boisée","45.496088","-73.851168"
"Le Blvd Ouest","45.484040"," -73.615621"
"Le Providence","45.629226","-73.497904"
"Blainville","45.689060","-73.904114"
"Le Desaulniers en HOMA","45.572348","-73.536861"
"O'Bohec","45.675961","-73.907818"
"1 Galais ","45.542652","-73.713897"
"Domaine Ste-Rose","45.616846","-73.783044"
"Domaine Nature sur le Lac","46.08396613238804","-74.09497527324886"
"Micro Habitations Farnham","45.290963","-72.976288"
"Domaine Nouvelle-France","45.762564"," -74.476326"
"Micro Lanaudière","46.02229467697002","-73.91325064448847"
"Domaine de la Vallée","45.798042"," -74.243846"
"Versant du Village","46.255385","-74.935787"
"Domaine du Manoir","46.278549","-73.761956"
"Central Rosemont ","45.536164","-73.591835"
"Cité Angus II","45.543210","-73.566699"
"Millen Plaza","45.536056","-73.604743"
"La Réserve","45.910882","-74.247461"
"L|L LAVAL-SUR-LE-LAC","45.534192","-73.878572"
"Espace Pur","47.003420"," -71.194025"
"Univert Plateau","45.524325 ","-73.584152"
"Parc aux Tilleuls Phase 3","45.516873","-73.339975"
"Square St-François","45.689270","-73.782499"
"Condos Prestige sur le Lac","45.532700","-73.909392"
"La Rivière du Chêne- Le Quartier","45.568132","-73.935036"
"Rives du Ruisseau","45.532551","-73.950556"
"Les Cours du Chanteclerc","45.946203","-74.171982"
"Quartier du Hameau","46.905063","-71.133367"
"Domaine du Mont-Hibou","47.014550","-71.377098"
"Domaine de la Fable","47.012242"," -71.376452"
"Le Lib Boisbriand","45.632033"," -73.855324"
"Le Lib Pointe-Claire","45.453785","-73.836007"
"Le Charles","45.482205","-73.555053"
"Yimby","45.543364","- 73.575382"
"Le Trianon- Condominiums du nouveau Saint-Laurent","45.508799"," -73.717321"
"Espace Orsainville","46.887302"," -71.293337"
"Espace Orsainville","46.887302"," -71.293337"
"Estuaire Condos","45.690724","-73.497881"
"Le Barista","45.544845","-73.599629"
"Via Blainville","45.670101"," -73.875016"
"Place Ruisseau Jasmin","45.666005","-73.887062"
"Station 56","45.670708"," -73.874947"
"Les Habitations Duvernay Est","45.656457"," -73.605990"
"Havre du Fleuve","45.637811","-73.491276"
"Le Canal 2","45.485617"," -73.566495"
"Terrasse Godin","45.447995","-73.577291"
"Le Jockey","45.499124","-73.656395"
"Indigo Tremblant","46.135273","-74.587595"
"Côté Cour","45.577205","-73.183617"
"Charlotte Condos Griffintown","45.489118","-73.562646"
"Les Tours Saint-Martin","45.558240"," -73.743379"
"Sofia Condominiums","45.368164","-73.513392"
"Off Plaza ","45.534591","-73.599409"
"36Lakeshore","45.448567","-73.788058"
"Les Jardins du Coteau Rhéault Construction","45.751147","-73.645410"
"Les Jardins du Coteau Voyer et Tremblay","45.751013","-73.636455"
"Les Jardins du Coteau Voyer et Tremblay","45.751013","-73.636455"
"Les Jardins du Coteau Habitations Beaulieu","45.751013"," -73.636391"
"Les Jardins du Coteau  Lapointe et Guilbault","45.748971"," -73.640007"
"Les Jardins du Coteau SRK Construction ","45.752563"," -73.636290"
"Les Jardins du Coteau Groupe Mathieu","45.749023"," -73.640050"
"Les Jardins du Coteau Habitations Chouinard","45.751021"," -73.636326"
"Les jardins du coteau Martin Cadieux et Fils","45.752037","-73.634562"
"Les jardins du Coteau Groupe Ouellette","45.749016","-73.640050"
"Les Jardins du Coteau Novo Habitat","45.749490"," -73.641250"
"Les Jardins du Coteau Dupin+Després","45.748857"," -73.639058"
"Les Jardins du Coteau Habitations Duchesne","45.750987","-73.636401"
"Mùv Condos","45.542908","-73.573234"
"Henri B","45.557033","-73.670036"
"Le 4740 Dagenais Ouest","45.553009","-73.854819"
"Le Quartier Chambéry","45.675964","-73.813710"
"Le Bourg","45.946251","-74.171891"
"Domaine des Collines","45.946273 ","-74.171934"
"Domaine Pointe-de-l'Île","45.696856","-73.490524"
"Charlevoix Lofts","45.478808","-73.569152"
"Centra Condos 1000 de la Montagne","45.495745","-73.570678"
"Le Laurier de Mirabel","45.699069","-74.099139"
"La Tour Arya","45.541817"," -73.746137"
"Le Linq","45.390932","-74.050495"
"Aldea Ahuntsic","45.551310","-73.655667"
"Nest Condos","45.496419","-73.573988"
"Prestance Maisons de Ville","45.524806","-73.563333"
"Le Bourbon","45.521534","-73.553419"
"Alcôve sur le Woonerf 3","45.469622","-73.589212"
"Victoriatown Condominiums","45.487541","-73.557332"
"ChicShack Micro-lofts","46.159265","-74.699132"
"Le Quartier Équestre","45.376499","-72.003172"
"O'Barrage","45.380581"," -71.954732"
"Ciel & Terre","45.415153","-71.857688"
"Cité sur le Parc ","45.429070","-71.857898"
"Orangérouge","45.368894","-71.997049"
"Le Plateau McCrea - Place Albert Charpentier","45.413722","-71.953544"
"Quartier de la Samarre","45.400397"," -71.831542"
"W Condominiums","45.400710"," -71.942118"
"Domaine du ruisseau dormant","45.423195"," -71.845051"
"Cité Natur-R","45.402482","-71.840098"
"Place Victor Dupuis","45.414293","-71.954540"
"Cité Midtown","45.503212","-73.675150"
"District 55 - Le Groupe Arvisais","46.314160","-72.588589"
"District 55 - Habitations Paris & Frères","46.314153","-72.588481"
"District 55 - Les Constructions Marc Beaulieu & Fils","46.314160","-72.588589"
"Condos Aera","45.544469","-73.580974"
"Victoria Sur Le Parc","45.500223","-73.561329"
"Solstice Montreal","45.495922","-73.571118"
"QuinzeCent 1500 René Lévesque ouest","45.493998","-73.574967"
"Le Plateau McCrea - Christian Belleau","45.416716","-71.954127"
"Le Plateau McCrea - Les entreprises Lachance","45.417752","- 71.949043"
"Havre des Pins","45.416231","-71.953609"
"Équinoxe Lévesque","45.540516","-73.723359"
"La Pignoronde","47.424649","-70.522092"
"Les Caches de la Grande Pointe","47.281449"," -70.571878"
"L'Hexagone Appartements","45.49245304672416"," -73.55764251785531"
"Domaine de Sillery - Le Pavillon","46.782230","-71.244516"
"Domaine de Sillery - Les Cottages","46.782230","-71.244511"
"Le Gardenville","45.532016","-73.517627"
"Square St-Francis","45.368668","-73.710173"
"L'Orée du Parc","45.801309","-73.989360"
"Condos du rail urbain","45.542972","-73.914644"
"Will & Rich ","45.488343"," -73.566297"
"Wilcox Appartements","45.483725","-73.572584"
"BRiX Montreal","45.504845","-73.563578"
"Alvéo Mirabel","45.645414","-73.880732"
"Enticy Condos-Boutique","45.495455","-73.576134"
"Fabre Condos & Maisons de ville","45.543788","-73.601678"
"Plateau 54","45.527619","-73.594647"
"Terra Maisons de Ville","45.424329","-73.931014"
"Areve condos","45.449400439928134","-73.60604046643704"
"Noria Condos","45.504042","-73.675944"
"Osha Condos & Maisons de ville","45.544473","-73.537784"
"Queen Alix","45.531596","-73.618531"
"Aristo Condos","45.615857","-73.678605"
"Arborescence Condos-Refuges","45.299811","-72.656186"
"La Cité du Golf des Lacs","45.314623","-72.702116"
"H2V Halte Galerie Condos","45.549571","-73.543619"
"Kaya Maisons de Prestige","45.208933","-72.724102"
"Origine Habitation","45.462541","-73.563693"
"Équinoxe Saint-Elzéar Tour II","45.568979","-73.777946"
"37 Roosevelt","45.515097","-73.641765"
"Mont Gauvin","45.221670","-72.402839"
"LB9 Condos Locatifs","46.8509261759013","-71.28220822455994"
"Avenue 19","45.643481","-73.601719"
"Fridöm","45.724596","-73.502859"
"Kaïa maison de ville","45.377520","-73.493269"
"Filips","45.633214","-73.439241"
"Le 3420","45.552476","-73.571998"
"Havre du Lac","45.267967","-72.158823"
"Le Borduas",,
"REZ Boisbriand","45.628742","-73.853477"
"Coop des Prés","45.273150","-71.896054"
"Natureo Condos Candiac","45.387445","-73.534027"
"Humano Sherbrooke","45.396369","-71.920158"
"Faubourg nature","45.196917","-72.737824"
"Les Boisés Albert","45.220495","-72.755766"
"Domaine de la Rive - Phase 3","45.211999","-72.764798"
"Serenity","45.507486","-73.559172"
"Le Charles-Félix","46.745004"," -71.353380"
"La Vigie","46.763845"," -71.317981"
"Milan Espace urbain","46.038613","-73.467933"
"Belding-Corticelli","45.142629","-71.809594"
"EVAD Maisons écologiques","46.034191","-74.218643"
"Condos Élysée","45.584327","-73.541899"
"Théâtre Snowdon Condominiums","45.485121","-73.631591"
"Unicité","45.543855","-73.576608"
"Edwin","45.479600","-73.571574"
"Le Marseille"," 45.479600","-73.571574"
"Le Zibi – Kanaal Condominiums","45.423411","-75.717438"
"Le Zibi – O Condos"," 45.423411","-75.717438"
"Le 1750 Cedar"," 45.496192","-73.590301"
"Giantonio","45.542011","-73.616405"
"Le Vivo Longueuil-Marie-Victorin","45.571527","-73.482450"
"Le Vivo-La-Prairie","45.420371","-73.493050"
"Le Vivo- Greenfield Park","45.490541","-73.489823"
"Tour Fresk","46.814553","-71.225218"
"Sélection Condos Rosemont","45.542719","-73.573174"
"Nex Condos","45.473111","-73.538723"
"Galdin","45.471322","-73.584892"
"WR3","45.518501","-73.711908"
"Market  ","45.570767"," -73.770670"
"MAA Condominiums et Penthouses","45.501409"," -73.576028"
"Loges Saint-Nicolas","46.725703","-71.310578"
"Quartier 7","45.730339","-73.599487"
"Quartier de la Ferme","45.384209","-72.713194"
"Nordikasa - Domaine Valdie","45.756793","-75.072337"
"Nordikasa - VUE Lac Mc Gregor ","45.644479"," -75.682721"
"Nordikasa – La Pinède","46.004390","-75.578054"
"Nordikasa – Domaine Lonsdale","45.609872","-75.468300"
"Domaine de la Pointe","45.356930","-73.972924"
"Argyle ","45.457780","-73.574848"
"Logiluxx St-Hubert","45.472901","-73.382893"
"Logiluxx Boucherville","45.587830","-73.424797"
"Le QG Sainte-Foy","46.7727209749336","-71.2972913561034"
"Allure sur le Golf","45.555065","-73.854442"
"La Cité M","46.839279"," -71.311276"
"Le Gordon Condominiums","45.461167","-73.572363"
"Kubik Condos Phase 3","45.450635","-73.782862"
"Aquarive","45.760776"," -73.423005"
"Le Nautica","45.569547","-73.673090"
"Domaine Luxuor","48.374162"," -71.092409"
"Les Jardins du Côteau Constructions Lacourse","45.750547","-73.645101"
"Le Square Masson","45.737080"," -73.611640"
"1 Square Phillips Penthouses & Condos","45.504494","-73.568829"
"Gallery sur le canal 3","45.491028","-73.558014"
"Cité Beauharnois ","45.314928","-73.945611"
"Axe sur St-Laurent","45.5478020197703","-73.66116235986533"
"Équinoxe Daniel-Johnson","45.559019","-73.750658"
"Domaine Iluma","45.984775","-74.603109"
"Nuberri Appartements","45.514188","-73.558503"
"Dominik","45.510464","-73.563254"
"Esplanade Cartier ","45.526228","-73.549094"
"ONE Viger","45.519042","-73.549092"
"Des Jardins Memphré Condominiums","45.276237","-72.179603"
"Lago Tremblant","46.214317","-74.589919"
" 628 Saint-Jacques","45.500552","-73.560845"
"Le Dorchester","45.494299","-73.575255"
"Nouveau Quartier à Chambly","45.437642","-73.323161"
"Ste-Foy","45.522764","-73.496982"
"De Lorimier","45.519457","-73.505556"
"Brébeuf","45.530045","-73.491718"
"Marie-Victorin","45.403550","-73.562146"
"Léo","45.569892","-73.479072"
"Guy","45.572195","-73.480940"
"Tour Cachemire 2","45.720759","-73.648993"
"Le Wilfrid","45.518112","-73.711726"
"Le Winston","45.493042","-73.807138"
"Habitations Laperle ","45.418408","-71.948780"
"Le Grant II","45.529027","-73.483374"
"Maestria Condominiums","45.506629","-73.566382"
"L82","45.492182","-73.561162"
"Le Laurier 2","45.675795","-73.495373"
"Rosenbloom","45.653197","-73.793286"
"Parcours Nature ","45.276586","-72.783061"
"Le Vigneron","45.844796","-72.455398"
"Square Equinox 3","45.447228","-73.811842"
"Le Fleuri","45.548116","-73.664133"
"Plateau Lafontaine ","45.531463","-73.571491"
"GH Griffintown","45.491531","-73.558460"
"Eleanor 7","45.493094","-73.562472"
"Quartier du Ruisseau ","45.287138","-72.128333"
"Quartier Général","45.488057","-73.566220"
"Harmonia Condos","45.570348","-73.555383"
"Monarc Condos","45.502460","-73.705107"
"Néo Condos ","45.582966","-73.590021"
"Quartier KYO Urbain ","45.280040","-72.149947"
"Curtiss Alpha Condos","45.521084","-73.709324"
"Village Oasis ","46.129056","-74.606447"
"Ascension","45.381413","-73.994362"
"TAK Village Maisons de ville adossées","45.545049","-73.569520"
"La Tour Fides","45.511243","-73.559967"
"Accretio Triplex Anjou  ","45.607323","-73.546769"
"Square Norseman ","45.518249","-73.709868"
"Appartements Milo","45.561635","-73.682993"
"Bellevue MTL ","45.453067","-73.635748"
"7 SENS ","45.673405","-73.925176"
"Vita","45.522013","-73.706660"
"Condo St-Jérôme","45.395561","-71.952029"
"Mostra Candiac","45.375562","-73.502426"
"Mostra Longueuil ","45.538518","-73.461484"
"ML2","45.518304","-73.51968"
"Le 1400 Maisonneuve","45.520914","-73.555785"
"Plexnord","45.786983","-74.033874"
"Le Drolet","45.535650","-73.610503"
"Le Saint-Charles","45.695909","-73.613610"
"Le Johannesbourg","45.369794","-73.585263"
"Les Maisons Amelia","45.516930","-73.708564"
"Le Boisé du Parc","45.789140","-73.983688"
"Acosta","45.336111","-72.511737"
"Zéphyr","46.869127","-71.220991"
"Zac sur le lac","45.515977","-73.710047"
"Sirocco","46.869127","-71.220991"
"YNG","45.493602","-73.561444"
"Saint-Augustin Mirabel ","45.635725","-74.039061"
"M3 Condos Locatifs","45.674935","-73.928517"
"Espace Nature sur golf","45.551291","-73.437540"
"Sir John ","45.583864","-73.541974"
"Carré Saint-Jean-Baptiste","45.571584","-73.202919"
"Chardonnay Condos ","45.417667","-71.949137"
"Scheib Condos","45.416593","-71.949670"
"Odyssée Condos","45.393017","-74.049449"
"Les immeubles RNP","45.421595","-71.916615"
"Cocité Levis","46.739588","-71.290707"
"Les Boisés Urbanéco","45.339928","-72.019366"
"Luminia Condos","45.256290","-74.219049"
"Le Chateaubriand Condos","45.545911","-73.626589"
"Circa Condos","46.813511","-71.212398"
"Imperia Condominiums","45.506768","-73.568011"
"Eli Condos","45.51213948318229","-73.56207585927734"
"Walton Maisons Pointe-Claire","45.458611","-73.809902"
"Laurent & Clark - locatif","45.510646","-73.566574"
"La Tour Fides","45.511169","-73.559861"
"Le Newman ","45.442078","-73.619323"
"468SG Condos locatifs","45.529298","-73.592569"
"Place Archambault","46.325057","-74.251052"
"Ripplecove ","45.178186","-72.049781"
"Ripplecove ","45.178186","-72.049781"
"Domaine Vert-Plante ","46.055377","-74.173511"
"Athlone","45.517886","-73.655175"
"Les Cours Bellerive ","45.605880","-73.512674"
"Domaine La Montagne Noire ","46.257448","-74.247194"
"L'Adresse sur le fleuve ","46.351306","-72.537550"
"Station G condos","45.732431","-73.597871"
"Altitude 700","45.896113","-74.160288"
"Metta ","45.538985","-73.853145"
"Gest sur Gouin","45.591256","-73.650176"
"Les Repères Mont-Orford","45.306184","-72.206863"
"Le Vivo Sherbrooke","45.422127","-71.949002"
"Le Sommet 3V","46.772503","-71.299174"
"Mellem condos","45.448865","-73.494270"
"Gatsby condominiums","45.497870","-73.572688"
"Città Montréal","45.582077","-73.603401"
"Mosaic maisons de ville ","45.646580","-73.752016"
"La Consolata condos locatifs","46.740094","-71.389253"
"Soléa","45.569856","-73.772610"
"Faro Appartements","45.522604","-73.551222"
"Lumi Condos","45.541420","-73.614484"
"Symphonia Sol","45.447867","-73.559320"
"Coopérative de Solidarité le Suroît","45.522995","-73.617927"
"Alys maisons de ville ","45.513698","-73.710110"
"Quartier Exalt","46.945351","-71.320600"
"Milhaus Condos locatifs","45.52284319599518","-73.61769926018347"
"Complexe de la Gare II","45.39611778051623","-74.05202673134455"
"495 Beaumont condos locatifs","45.52761446037542","-73.61952307367716"
"Citéa Condos Locatifs","45.68737181768236","-73.7325297025066"
"Le Meridiem Laval","45.66140987746123","-73.58129930250757"
"Urbania haus","45.55710526058485","-73.72484697651015"
"Evado Appartements","45.65007477835103","-73.84083143134339"
"McCord Condos Locatifs","45.48601588815734","-73.56880860251414"
"Monarc Condos locatifs","45.501389338374565","-73.7056695160074"
"Central Parc Laval","45.56403540438302","-73.75595123134651"
"Le Meridiem St-Jérôme","45.78534576084743","-74.01717463133835"
"Les Tours Serenity","45.44662670617091","-73.60769887368018"
"Nordicéa condos locatifs","45.44692845207915","-71.86311104452847"
"Le Rosemont","45.551330275446404","-73.58995038901774"
"Cloria Vallée-du-Richelieu ","45.58838128665739","-73.2823985099058"
"Le 230 Peel","45.49430976991248","-73.55894162451534"
"Domaine Escapade","46.03311763668478","-71.18931467726851"
"Les Havres Saint-Charles","45.67217732447127","-73.4258469596931"
"MKT Condos ","45.43489356063684","-73.67862781658397"
"Vivo-Écoquartier","46.0480253609703","-71.9640145374783"
"Baldwin Condos & Penthouses","45.48233806830914","-73.84495660251424"
"Mansfield Condos ","45.501654029350966","-73.5709101284521"
"Oria Condominiums","45.44897223404109","-73.43130021567615"
"Le Marcus condos locatifs","45.49039183385672","-73.58369438869033"
"Octave condos locatifs","45.549767771744584","-73.62685073132393"
"QV Condos Outremont","45.52413639649646","-73.61200098683732"
"Dalia condos et maisons de ville","45.49969185894219","-73.67414002916621"
"Wellington sur le Bassin","45.491719","-73.557469"
"Le Cent-Onze","45.497370303896375","-73.67738255985073"
"Condos GestEco","45.36871731597375","-71.89826925800591"
"Novia condos locatifs ","45.52515594450904","-73.51511520217842"
"Avia maisons de ville ","45.51830167666367","-73.70940644876163"
"Domaine Lakefield ","45.75143887351709","-74.28190313126115"
"Condos Cité sur le fleuve","45.862997097811686","-73.23154372120482"
"Éclipse condos locatifs","45.61102134547137","-73.69055923529892"
"Le Gabriel","46.77400490246142","-71.29706777345665"
"Le BoHo","45.54716038380322","-73.539412457891"
"Le Boho ","46.831328305560774","-71.24200120055988"
"Quartier 2B","46.9885368884112","-70.54485268194891"
"Mu","46.7707056502937","-71.2808395491"
"Jardins Philomène ","45.30144727192862","-73.74966705965065"
"Cartier","45.53066918515186","-73.56766074268099"
"Sir Charles Condominiums","45.52567562861843","-73.51908357878253"
"Le Lièvre","46.819921004363906","-71.23884823099156"
"Domaine des Cantons","45.30391848609568","-72.3751203445327"
"Domaine du Chérubin","46.234832590982116","-75.01402075971596"
"Station G appartements locatifs","45.732431","-73.597871"
"Signature Bois-Franc","45.51076200865002","-73.69412221569154"
"Vertica","45.568047411650646","-73.54187895986472"
"Majestic","45.48948795666513","-73.65211684452717"
"Joia Griffintown","45.48726476052456","-73.56797447336218"
"Joia Ville-Marie","45.52561481128597","-73.55077918870099"
"Lib Aylmer","45.395132422169695"," -75.83788087323887"
"Prima 3","45.45452478722644","-73.82430271741494"
"St-Grégoire","45.53772990890308"," -73.58523435974075"
"Longue-Pointe sur le fleuve","46.92908411468691","-71.06392531140506"
"Link Appartements","45.49527626574383","-73.5810642602893"
"Saphir Appartements ","46.82967696331519","-71.3075429156514"
"Le Gaïa ","45.41731923320624","-73.6441379535193"
"Espacia","45.350319","-73.703969"
"2929 Victoria ","45.4360851057343","-73.6888874156938"
"Capella","45.59089303044193","-73.28988810418832"
"Ilo","46.808515751487334","-71.2234077829654"
"Îlot des Capucins","46.828648226985436","-71.22547968681637"
"Le Montcalm condos services","45.39453737123053","-73.51721059246495"
"Havre du Marais 2","45.58794350691461","-73.42352233093554"
"Frelighsburg-en-haut","45.05360389792506","-72.83471004305378"
"EVOL","45.31169482536533","-73.2616725022024"
"Rive Gauche Appartements-Services","45.59223007815104","-73.19194790206757"
"Havre sur St-Laurent","46.97322507829575","-71.0190413301868"
"Royalton","45.50765180619801","-73.66098535986656"
"VIU 2","45.43576879252495","-75.70984920035379"
"Cité de la Gare Sainte-Rose","45.62701413548925","-73.77101600196171"
"District 55 - Le Groupe Robin","46.31414884642162"," -72.58915913087755"
"Les Loges","45.56930996456202","-73.54647873102971"
"Vivenda & Prével Alliance maisons de ville","45.439372036374536","-73.61319607323733"
"Domaine Mont-Orford","45.28639268383207","-72.24652402161034"
"Fleming sur le Parc","45.44098343474322"," -73.6173915310335"
"HUS Mont-Royal","45.523553765633196","-73.5831540869018"
"Beaulieu-sur-lac","46.28721493367519","-73.54099011319397"
"Capreit - Appartements Saint-Luc","46.81161768890964"," -71.21072455445024"
"Quartier 4 saisons ","46.263477760110646","-73.84552078864972"
"Condos Oasis","46.837988410476655","-71.33795103135807"
"Miramont Condos locatifs","45.530771359263845","-73.72222713693392"
"Le Moden","45.534343686350766","-73.5513775601057"
"Auguste & Louis","45.4968053692778","-73.55549069844253"
"Rubis par Marquise ","45.56372958490302","-73.76496960219494"
"Jardins St-Lo","45.548124103641","-73.66371145789097"
"Lumina condominiums ","45.54283793554936","-73.58927264439795"
"Vela","45.39630651692329","-74.05161760207442"
"Le Sherbrooke ","45.496958906604775","-73.58115048685686"
